{"cameraMode":{"drawMode":0,"name":"Shaded","section":"Shading Mode"},"sceneLighting":true,"audioPlay":false,"sceneViewState":{"m_AlwaysRefresh":false,"showFog":true,"showSkybox":true,"showFlares":true,"showImageEffects":true,"showParticleSystems":true,"showVisualEffectGraphs":true,"m_FxEnabled":true},"in2DMode":false,"pivot":{"x":2.410595417022705,"y":0.5729402303695679,"z":1.3265254497528077},"rotation":{"x":-0.011102263815701008,"y":-0.03629324212670326,"z":0.00040255795465782285,"w":-0.9992825388908386},"size":3.074279308319092,"orthographic":false}